{
	"version": "0.2",
	"language": "en",
	"words": [
		"aarch",
		"Alvinger",
		"Ampio",
		"andrezibaia",
		"angeldeejay",
		"apiontek",
		"armv",
		"ashishtank",
		"autoplay",
		"beada",
		"Binney",
		"bluemanos",
		"bnitkin",
		"bokmål",
		"Brasileiro",
		"Brento",
		"browserwindow",
		"bryanzzhu",
		"btoconnor",
		"bugsounet",
		"buxxi",
		"byday",
		"calendarfetcherutils",
		"calendarutils",
		"chamakura",
		"cjbrunner",
		"clientonly",
		"clockfaces",
		"cmdline",
		"codac",
		"Crazylegstoo",
		"crazyscot",
		"Creepin",
		"currentweather",
		"CUSTOMCSS",
		"customregions",
		"cxmj",
		"Cymraeg",
		"dariom",
		"darksky",
		"dateheader",
		"dateheaders",
		"davide",
		"DAYAFTERTOMORROW",
		"DAYBEFOREYESTERDAY",
		"defaultmodules",
		"dgoth",
		"dkallen",
		"drivelist",
		"DTEND",
		"Duffman",
		"earlman",
		"easyas",
		"eddiehung",
		"Edgardos",
		"Ekristoffe",
		"elec",
		"envcanada",
		"envsub",
		"envsubst",
		"eouia",
		"exdate",
		"expectedheaders",
		"ezeholz",
		"Faizan",
		"feedme",
		"feelslike",
		"Fenner",
		"fewieden",
		"fixuppm",
		"flopp",
		"fontawesome",
		"fontface",
		"forecastweather",
		"fortawesome",
		"frameguard",
		"Frysk",
		"fulldate",
		"fullday",
		"fullscreen",
		"Gevoelstemperatuur",
		"GHSA",
		"ghsas",
		"grenagit",
		"Heiko",
		"Hirschberger",
		"hourlyweather",
		"Hwind",
		"ical",
		"illimarkangur",
		"Ingan",
		"ipfilter",
		"ismarslomic",
		"jakemulley",
		"jakobsarwary",
		"jalibu",
		"jargordon",
		"jetson",
		"jkriegshauser",
		"jsdocs",
		"jsonlint",
		"jupadin",
		"kaennchenstruggle",
		"kenzal",
		"Keyport",
		"khassel",
		"Kingdon",
		"kioskmode",
		"klaernie",
		"kleinmantara",
		"Kmph",
		"Knapoc",
		"Koepke",
		"kolbyjack",
		"krekos",
		"Kristjan",
		"krukle",
		"labwc",
		"Landis",
		"larryare",
		"letsencrypt",
		"libgpiod",
		"Lightspeed",
		"locationforecast",
		"lockstring",
		"lstrip",
		"Luciella",
		"luxon",
		"lxsession",
		"magicmirror",
		"martingron",
		"marvai",
		"mastermerge",
		"matchtype",
		"maxentries",
		"Meteo",
		"michaelteeuw",
		"michmich",
		"Midori",
		"mirontoli",
		"MISSINGLANG",
		"MMPM",
		"modernizr",
		"modulename",
		"multiday",
		"Mystara",
		"Ñandú",
		"nathannaveen",
		"naveensrinivasan",
		"ndom",
		"Nerfzooka",
		"NEWSFEED",
		"newsitems",
		"nfogal",
		"njwilliams",
		"nonrepeating",
		"Norsk",
		"nunjuck",
		"odroid",
		"oemel",
		"onecall",
		"onevent",
		"openmeteo",
		"openweathermap",
		"oraclesean",
		"oscarb",
		"philnagel",
		"Português",
		"PRECIP",
		"Problema",
		"psieg",
		"radokristof",
		"rajniszp",
		"rebuilded",
		"Reis",
		"rejas",
		"Resig",
		"roboto",
		"rohitdharavath",
		"Rosso",
		"rrule",
		"sdetweil",
		"sendheaders",
		"serveronly",
		"sexualized",
		"skpanagiotis",
		"SMHI",
		"Snille",
		"socketclient",
		"socketio",
		"spectron",
		"Starinvest",
		"sthuber",
		"Stieber",
		"stylelintrc",
		"subclassing",
		"sunaction",
		"suncalc",
		"suntimes",
		"symboltest",
		"systeminformation",
		"tada",
		"taglist",
		"Teeuw",
		"TESTMODE",
		"thomasrockhu",
		"tomzt",
		"ukmetoffice",
		"ukmetofficedatahub",
		"unitless",
		"unparseable",
		"updatenotification",
		"Vaice",
		"veeck",
		"VEVENT",
		"vgtu",
		"Voelt",
		"vppencilsharpener",
		"Wallys",
		"Weatherbit",
		"WEATHERDATA",
		"Weatherflow",
		"weatherforecast",
		"weathergov",
		"weathericons",
		"weatherobject",
		"weatherutils",
		"windspeed",
		"Woolridge",
		"worktree",
		"xlarge",
		"xrandr",
		"xsmall",
		"xsorifc",
		"xwindows",
		"xxxe",
		"Ybbet",
		"yearmatchgroup"
	],
	"ignorePaths": ["node_modules/**", "modules/**", "vendor/node_modules/**", "translations/**", "tests/mocks/**", "tests/e2e/modules/clock_es_spec.js", "fonts/roboto.css"],
	"dictionaries": ["node"]
}
